{
  "Good|5|0": [
    -0.1,
    -0.1,
    0.0
  ],
  "Satisfactory|4|0": [
    0.0,
    0.0,
    0.0
  ],
  "Poor|6|0": [
    0.0,
    0.0,
    0.0
  ],
  "Very Poor|5|0": [
    0.271,
    -0.0829,
    0.0
  ],
  "Good|9|6": [
    -0.1,
    0.0,
    -0.19
  ],
  "Poor|7|5": [
    0.10900000000000001,
    0.0,
    -0.1
  ],
  "Good|9|3": [
    -0.1,
    -0.1,
    0.0
  ],
  "Good|9|4": [
    -0.1,
    -0.1,
    0.0
  ],
  "Good|9|5": [
    -0.1,
    -0.1,
    -0.1
  ],
  "Satisfactory|8|5": [
    0.1,
    0.0,
    0.0
  ],
  "Satisfactory|8|3": [
    0.0,
    0.0,
    -0.1
  ],
  "Satisfactory|9|4": [
    0.1,
    0.0,
    0.0
  ],
  "Good|10|4": [
    0.0,
    0.0,
    0.0
  ],
  "Satisfactory|9|5": [
    0.19,
    0.0,
    0.0
  ],
  "Good|10|5": [
    0.0,
    0.0,
    0.0
  ],
  "Satisfactory|9|6": [
    0.1,
    0.0,
    0.0
  ],
  "Good|10|6": [
    0.0,
    0.0,
    0.0
  ],
  "Good|9|7": [
    -0.1,
    -0.1,
    0.0
  ],
  "Good|9|8": [
    -0.1,
    -0.1,
    0.0
  ],
  "Very Poor|9|5": [
    0.19,
    -0.0829,
    0.0
  ],
  "Poor|10|5": [
    -0.1,
    0.0,
    0.0
  ],
  "Satisfactory|10|5": [
    0.0,
    0.0,
    0.0
  ],
  "Satisfactory|8|4": [
    0.0,
    0.0,
    0.0
  ],
  "Satisfactory|8|7": [
    0.0,
    0.0,
    0.0
  ],
  "Satisfactory|8|8": [
    0.0,
    0.0,
    0.0
  ],
  "Good|9|9": [
    -0.1,
    0.0,
    0.0
  ],
  "Good|9|10": [
    -0.29701,
    -0.34390000000000004,
    -0.2962
  ],
  "Satisfactory|8|10": [
    0.0,
    0.0,
    0.0
  ],
  "Poor|9|5": [
    0.0,
    0.0,
    0.0
  ],
  "Very Poor|8|5": [
    0.1,
    0.0,
    0.0
  ],
  "Poor|8|5": [
    0.10900000000000001,
    0.0,
    0.0
  ]
}